Retriever Name;Hit Rate;MRR
semantic_splitter;0.8017241379310345;0.6982758620689655
token_splitter_512;0.7171428571428572;0.6071428571428571
token_splitter_1024;0.7215189873417721;0.6223628691983123
