Retriever Name;Hit Rate;MRR
semantic_splitter;0.7831325301204819;0.6847389558232931
token_splitter_512;0.7666151468315301;0.6499227202472952
token_splitter_1024;0.7633587786259542;0.6857506361323156
