retriever_name,hit_rate,mrr,faithfulness,relevancy,correctness,answer_relevancy,nodes_number,mean_score
semantic_splitter_MISQ4KM_bge_small_re2,0.717391304347826,0.6394927536231885,0.8934782608695653,0.6630434782608695,0.8010869565217391,0.7728260869565217,49,0.782608695652174
token_splitter_512_MISQ4KM_bge_small_re2,0.6894736842105263,0.5982456140350877,0.9268421052631579,0.8,0.8126315789473685,0.8049999999999999,122,0.8361184210526316
token_splitter_1024_MISQ4KM_bge_small_re2,0.6976744186046512,0.6124031007751938,0.9424418604651162,0.8953488372093024,0.8162790697674419,0.7313953488372092,52,0.8463662790697675
